year,official_total_expenses,official_pl_amount,official_pl_label_en,official_pl_label_ar
2017,680000.02,-60000.02,Net Profit / Loss,صافي الربح / الخسارة
2018,715000.02,-25000.02,Result,النتيجة
2019,737999.99,12000.01,Net Profit / Loss,صافي الربح / الخسارة
2020,705000.0,-65000.0,Net Profit / Loss,صافي الربح / الخسارة
2021,690000.01,14999.99,Net Profit / Loss,صافي الربح / الخسارة
2022,760000.02,49999.98,Net Profit / Loss,صافي الربح / الخسارة
2023,844999.94,15000.06,Net Profit / Loss,صافي الربح / الخسارة
2024,909999.99,-19999.99,Net Profit / Loss,صافي الربح / الخسارة
2025,904999.99,35000.01,Net Profit / Loss,صافي الربح / الخسارة
